{
  "searchResults": [
    {
      "image": "https://assets.myntassets.com/f_webp,dpr_1.5,q_30,w_400,c_limit,fl_progressive/assets/images/35760916/2025/7/24/7c68d974-d102-42c0-b28c-ac92eaa628821753359470009-UNDER-ARMOUR-Men-Sports-Shoes-7681753359469734-1.jpg",
      "rating": { "value": 1.2, "count": 5 },
      "ad": true,
      "title": "UNDER ARMOUR",
      "description": "Men Essential Runner Shoes",
      "price": { "current": 4059, "original": 6999, "discount": "90% OFF" },
      "wishlist": true,
      "color":"black"
    },
     {
      "image": "https://assets.myntassets.com/f_webp,dpr_1.5,q_30,w_400,c_limit,fl_progressive/assets/images/2024/AUGUST/17/LGymWtjw_97cbc56851f44eb98bbc613a7aaeaa30.jpg",
      "rating": { "value": 3.2, "count": 5 },
      "ad": false,
      "title": "Nike",
      "description": "Air Jordan  5 Retro Sneakers",
      "price": { "current": 17000, "original":"null", "discount": "null" },
      "wishlist": true,
      "color":"White"
    },
      {
      "image": "https://assets.myntassets.com/f_webp,dpr_1.5,q_30,w_400,c_limit,fl_progressive/assets/images/2024/AUGUST/17/LGymWtjw_97cbc56851f44eb98bbc613a7aaeaa30.jpg",
      "rating": { "value": 5, "count": 5 },
      "ad": false,
      "title": "Nike",
      "description": "Air Jordan  5 Retro Sneakers",
      "price": { "current": 17000, "original":"null", "discount": "null" },
      "wishlist": true,
      "color":"White"

      
    },
      {
      "image": "https://assets.myntassets.com/f_webp,dpr_1.5,q_30,w_400,c_limit,fl_progressive/assets/images/2024/AUGUST/17/LGymWtjw_97cbc56851f44eb98bbc613a7aaeaa30.jpg",
      "rating": { "value": 4.2, "count": 5 },
      "ad": false,
      "title": "Nike",
      "description": "Air Jordan  5 Retro Sneakers",
      "price": { "current": 17000, "original":"null", "discount": "null" },
      "wishlist": true,
       "color":"White"
    },
      {
      "image": "https://assets.myntassets.com/f_webp,dpr_1.5,q_30,w_400,c_limit,fl_progressive/assets/images/2025/JULY/28/MVl9MQ16_0a55ddfc07af4f0b9813ed0820827b48.jpg",
      "rating": { "value": 4.2, "count": 5 },
      "ad": false,
      "title": "Puma",
      "description": "Air Jordan  5 Retro Sneakers",
      "price": { "current": 19295, "original":"null", "discount": "null" },
      "wishlist": true,
       "color":"Beige"
    },
    {
      "image": "https://assets.myntassets.com/f_webp,dpr_1.5,q_30,w_400,c_limit,fl_progressive/assets/images/19463716/2022/10/11/473c4d97-3240-456d-8966-84bc85aec86c1665484043404-New-Balance-Men-Casual-Shoes-5811665484043123-1.jpg",
      "rating": { "value": 4.4, "count": 159 },
      "ad": true,
      "title": "New Balance",
      "description": "Men Solid 327 Sneakers",
      "price": { "current": 5999, "original": 9999, "discount": "44% OFF" },
      "wishlist": true,
      "color":"Beige"
    },
      {
      "image": "https://assets.myntassets.com/f_webp,dpr_1.5,q_30,w_400,c_limit,fl_progressive/assets/images/23059422/2023/5/8/40991a26-191a-40dc-bf08-a296b5bf857d1683526194177ConverseUnisexBlackPrintedSneakers1.jpg",
      "rating": { "value": 4.7, "count": "1.5K" },
      "ad": false,
      "title": "Converse",
      "description": "Unisex Chuck Taylor All Star",
      "price": { "current": 4799, "original":"null", "discount": "null" },
      "wishlist": true,
      "color":"black"
    },
    {
      "image":"https://assets.myntassets.com/f_webp,dpr_1.5,q_30,w_400,c_limit,fl_progressive/assets/images/27306858/2024/2/1/8ea11708-f2ee-4c8e-bbc8-8ea023a874781706776953640NikeCourtVisionLowMensShoes1.jpg",
      "rating": { "value": 4.6, "count": "557" },
      "ad": false,
      "title": "Nike",
      "description": "Men Court Vision Low Sneakers",
      "price": { "current": 5695, "original":"null", "discount": "null" },
      "wishlist": true,
       "color":"White"
    },
    {
      "image":"https://assets.myntassets.com/f_webp,dpr_1.5,q_30,w_400,c_limit,fl_progressive/assets/images/35760917/2025/7/31/5dd18386-8560-40a7-8b52-32ceef6d81c91753959338888-UNDER-ARMOUR-Men-Sports-Shoes-4381753959338652-1.jpg",
      "rating": { "value": "null", "count": "null" },
      "ad": true,
      "title": "UNDER ARMOUR",
      "description": "Men Official Everyday Sneaker",
      "price": { "current": 3912, "original":6999, "discount": "44% OFF" },
      "wishlist": true,
       "color":"White"
    },
      {
      "image":"https://assets.myntassets.com/f_webp,dpr_1.5,q_30,w_400,c_limit,fl_progressive/assets/images/32201454/2025/5/15/067059c4-8f43-4094-93ee-7a63630cfacc1747299140621-ADIDAS-Originals-Men-Casual-Shoes-6611747299140256-1.jpg",
      "rating": { "value": 4.4, "count": "81" },
      "ad": false,
      "title": "ADIDAS Originals",
      "description": "Men Mundial FC Sneakers",
      "price": { "current": 6359, "original":11999, "discount": "47% OFF" },
      "wishlist": true,
       "color":"White"
    },
      {
      "image":"https://assets.myntassets.com/f_webp,dpr_1.5,q_30,w_400,c_limit,fl_progressive/assets/images/2025/AUGUST/23/FAjUm0RA_6b534ac659dd43d98aa01f3df42787d0.jpg",
      "rating": { "value": "4.5", "count": "27" },
      "ad": true,
      "title": "Red Tape",
      "description": "Men Textured Sneakers",
      "price": { "current": 1189, "original":6999, "discount": "83% OFF" },
      "wishlist": true,
       "color":"White"
    },
     {
      "image": "https://assets.myntassets.com/f_webp,dpr_1.5,q_30,w_400,c_limit,fl_progressive/assets/images/35760916/2025/7/24/7c68d974-d102-42c0-b28c-ac92eaa628821753359470009-UNDER-ARMOUR-Men-Sports-Shoes-7681753359469734-1.jpg",
      "rating": { "value": 4.2, "count": 5 },
      "ad": true,
      "title": "UNDER ARMOUR",
      "description": "Men Essential Runner Shoes",
      "price": { "current": 4059, "original": 6999, "discount": "42% OFF" },
      "wishlist": true,
      "color":"black"
    },
    {
      "image": "https://assets.myntassets.com/f_webp,dpr_1.5,q_30,w_400,c_limit,fl_progressive/assets/images/19463716/2022/10/11/473c4d97-3240-456d-8966-84bc85aec86c1665484043404-New-Balance-Men-Casual-Shoes-5811665484043123-1.jpg",
      "rating": { "value": 4.4, "count": 159 },
      "ad": true,
      "title": "New Balance",
      "description": "Men Solid 327 Sneakers",
      "price": { "current": 5999, "original": 9999, "discount": "44% OFF" },
      "wishlist": true,
      "color":"Grey"
    },
      {
      "image": "https://assets.myntassets.com/f_webp,dpr_1.5,q_30,w_400,c_limit,fl_progressive/assets/images/23059422/2023/5/8/40991a26-191a-40dc-bf08-a296b5bf857d1683526194177ConverseUnisexBlackPrintedSneakers1.jpg",
      "rating": { "value": 4.7, "count": "1.5K" },
      "ad": false,
      "title": "Converse",
      "description": "Unisex Chuck Taylor All Star",
      "price": { "current": 4799, "original":"null", "discount": "null" },
      "wishlist": true,
      "color":"black"
    },
    {
      "image":"https://assets.myntassets.com/f_webp,dpr_1.5,q_30,w_400,c_limit,fl_progressive/assets/images/27306858/2024/2/1/8ea11708-f2ee-4c8e-bbc8-8ea023a874781706776953640NikeCourtVisionLowMensShoes1.jpg",
      "rating": { "value": 4.6, "count": "557" },
      "ad": false,
      "title": "Nike",
      "description": "Men Court Vision Low Sneakers",
      "price": { "current": 5695, "original":"null", "discount": "null" },
      "wishlist": true,
      "color":"Grey"
    },
    {
      "image":"https://assets.myntassets.com/f_webp,dpr_1.5,q_30,w_400,c_limit,fl_progressive/assets/images/35760917/2025/7/31/5dd18386-8560-40a7-8b52-32ceef6d81c91753959338888-UNDER-ARMOUR-Men-Sports-Shoes-4381753959338652-1.jpg",
      "rating": { "value": "null", "count": "null" },
      "ad": true,
      "title": "UNDER ARMOUR",
      "description": "Men Official Everyday Sneaker",
      "price": { "current":1000, "original":6999, "discount": "44% OFF" },
      "wishlist": true,
      "color":"Grey"

    },
      {
      "image":"https://assets.myntassets.com/f_webp,dpr_1.5,q_30,w_400,c_limit,fl_progressive/assets/images/32201454/2025/5/15/067059c4-8f43-4094-93ee-7a63630cfacc1747299140621-ADIDAS-Originals-Men-Casual-Shoes-6611747299140256-1.jpg",
      "rating": { "value": 4.4, "count": "81" },
      "ad": false,
      "title": "ADIDAS Originals",
      "description": "Men Mundial FC Sneakers",
      "price": { "current": 6359, "original":11999, "discount": "47% OFF" },
      "wishlist": true,
      "color":"White"
    },
      {
      "image":"https://assets.myntassets.com/f_webp,dpr_1.5,q_30,w_400,c_limit,fl_progressive/assets/images/2025/AUGUST/23/FAjUm0RA_6b534ac659dd43d98aa01f3df42787d0.jpg",
      "rating": { "value": "3.5", "count": "27" },
      "ad": true,
      "title": "Red Tape",
      "description": "Men Textured Sneakers",
      "price": { "current": 1189, "original":6999, "discount": "83% OFF" },
      "wishlist": true,
       "color":"White"
    } ,{
      "image": "https://assets.myntassets.com/f_webp,dpr_1.5,q_30,w_400,c_limit,fl_progressive/assets/images/35760916/2025/7/24/7c68d974-d102-42c0-b28c-ac92eaa628821753359470009-UNDER-ARMOUR-Men-Sports-Shoes-7681753359469734-1.jpg",
      "rating": { "value": 4.2, "count": 5 },
      "ad": true,
      "title": "UNDER ARMOUR",
      "description": "Men Essential Runner Shoes",
      "price": { "current": 4059, "original": 6999, "discount": "42% OFF" },
      "wishlist": true,
      "color":"black"
    },
    {
      "image": "https://assets.myntassets.com/f_webp,dpr_1.5,q_30,w_400,c_limit,fl_progressive/assets/images/35760916/2025/7/24/7c68d974-d102-42c0-b28c-ac92eaa628821753359470009-UNDER-ARMOUR-Men-Sports-Shoes-7681753359469734-1.jpg",
      "rating": { "value": 1.2, "count": 5 },
      "ad": true,
      "title": "UNDER ARMOUR",
      "description": "Men Essential Runner Shoes",
      "price": { "current": 4059, "original": 6999, "discount": "90% OFF" },
      "wishlist": true,
      "color":"black"
    },
     {
      "image": "https://assets.myntassets.com/f_webp,dpr_1.5,q_30,w_400,c_limit,fl_progressive/assets/images/2024/AUGUST/17/LGymWtjw_97cbc56851f44eb98bbc613a7aaeaa30.jpg",
      "rating": { "value": 3.2, "count": 5 },
      "ad": false,
      "title": "Nike",
      "description": "Air Jordan  5 Retro Sneakers",
      "price": { "current": 17000, "original":"null", "discount": "null" },
      "wishlist": true,
      "color":"White"
    },
      {
      "image": "https://assets.myntassets.com/f_webp,dpr_1.5,q_30,w_400,c_limit,fl_progressive/assets/images/2024/AUGUST/17/LGymWtjw_97cbc56851f44eb98bbc613a7aaeaa30.jpg",
      "rating": { "value": 5, "count": 5 },
      "ad": false,
      "title": "Nike",
      "description": "Air Jordan  5 Retro Sneakers",
      "price": { "current": 17000, "original":"null", "discount": "null" },
      "wishlist": true,
      "color":"White"

      
    },
      {
      "image": "https://assets.myntassets.com/f_webp,dpr_1.5,q_30,w_400,c_limit,fl_progressive/assets/images/2024/AUGUST/17/LGymWtjw_97cbc56851f44eb98bbc613a7aaeaa30.jpg",
      "rating": { "value": 4.2, "count": 5 },
      "ad": false,
      "title": "Nike",
      "description": "Air Jordan  5 Retro Sneakers",
      "price": { "current": 17000, "original":"null", "discount": "null" },
      "wishlist": true,
       "color":"White"
    },
      {
      "image": "https://assets.myntassets.com/f_webp,dpr_1.5,q_30,w_400,c_limit,fl_progressive/assets/images/2025/JULY/28/MVl9MQ16_0a55ddfc07af4f0b9813ed0820827b48.jpg",
      "rating": { "value": 4.2, "count": 5 },
      "ad": false,
      "title": "Puma",
      "description": "Air Jordan  5 Retro Sneakers",
      "price": { "current": 19295, "original":"null", "discount": "null" },
      "wishlist": true,
       "color":"Beige"
    },
    {
      "image": "https://assets.myntassets.com/f_webp,dpr_1.5,q_30,w_400,c_limit,fl_progressive/assets/images/19463716/2022/10/11/473c4d97-3240-456d-8966-84bc85aec86c1665484043404-New-Balance-Men-Casual-Shoes-5811665484043123-1.jpg",
      "rating": { "value": 4.4, "count": 159 },
      "ad": true,
      "title": "New Balance",
      "description": "Men Solid 327 Sneakers",
      "price": { "current": 5999, "original": 9999, "discount": "44% OFF" },
      "wishlist": true,
      "color":"Beige"
    },
      {
      "image": "https://assets.myntassets.com/f_webp,dpr_1.5,q_30,w_400,c_limit,fl_progressive/assets/images/23059422/2023/5/8/40991a26-191a-40dc-bf08-a296b5bf857d1683526194177ConverseUnisexBlackPrintedSneakers1.jpg",
      "rating": { "value": 4.7, "count": "1.5K" },
      "ad": false,
      "title": "Converse",
      "description": "Unisex Chuck Taylor All Star",
      "price": { "current": 4799, "original":"null", "discount": "null" },
      "wishlist": true,
      "color":"black"
    },
    {
      "image":"https://assets.myntassets.com/f_webp,dpr_1.5,q_30,w_400,c_limit,fl_progressive/assets/images/27306858/2024/2/1/8ea11708-f2ee-4c8e-bbc8-8ea023a874781706776953640NikeCourtVisionLowMensShoes1.jpg",
      "rating": { "value": 4.6, "count": "557" },
      "ad": false,
      "title": "Nike",
      "description": "Men Court Vision Low Sneakers",
      "price": { "current": 5695, "original":"null", "discount": "null" },
      "wishlist": true,
       "color":"White"
    },
    {
      "image":"https://assets.myntassets.com/f_webp,dpr_1.5,q_30,w_400,c_limit,fl_progressive/assets/images/35760917/2025/7/31/5dd18386-8560-40a7-8b52-32ceef6d81c91753959338888-UNDER-ARMOUR-Men-Sports-Shoes-4381753959338652-1.jpg",
      "rating": { "value": "null", "count": "null" },
      "ad": true,
      "title": "UNDER ARMOUR",
      "description": "Men Official Everyday Sneaker",
      "price": { "current": 3912, "original":6999, "discount": "44% OFF" },
      "wishlist": true,
       "color":"White"
    },
      {
      "image":"https://assets.myntassets.com/f_webp,dpr_1.5,q_30,w_400,c_limit,fl_progressive/assets/images/32201454/2025/5/15/067059c4-8f43-4094-93ee-7a63630cfacc1747299140621-ADIDAS-Originals-Men-Casual-Shoes-6611747299140256-1.jpg",
      "rating": { "value": 4.4, "count": "81" },
      "ad": false,
      "title": "ADIDAS Originals",
      "description": "Men Mundial FC Sneakers",
      "price": { "current": 6359, "original":11999, "discount": "47% OFF" },
      "wishlist": true,
       "color":"White"
    },
      {
      "image":"https://assets.myntassets.com/f_webp,dpr_1.5,q_30,w_400,c_limit,fl_progressive/assets/images/2025/AUGUST/23/FAjUm0RA_6b534ac659dd43d98aa01f3df42787d0.jpg",
      "rating": { "value": "4.5", "count": "27" },
      "ad": true,
      "title": "Red Tape",
      "description": "Men Textured Sneakers",
      "price": { "current": 1189, "original":6999, "discount": "83% OFF" },
      "wishlist": true,
       "color":"White"
    },
     {
      "image": "https://assets.myntassets.com/f_webp,dpr_1.5,q_30,w_400,c_limit,fl_progressive/assets/images/35760916/2025/7/24/7c68d974-d102-42c0-b28c-ac92eaa628821753359470009-UNDER-ARMOUR-Men-Sports-Shoes-7681753359469734-1.jpg",
      "rating": { "value": 4.2, "count": 5 },
      "ad": true,
      "title": "UNDER ARMOUR",
      "description": "Men Essential Runner Shoes",
      "price": { "current": 4059, "original": 6999, "discount": "42% OFF" },
      "wishlist": true,
      "color":"black"
    },
    {
      "image": "https://assets.myntassets.com/f_webp,dpr_1.5,q_30,w_400,c_limit,fl_progressive/assets/images/19463716/2022/10/11/473c4d97-3240-456d-8966-84bc85aec86c1665484043404-New-Balance-Men-Casual-Shoes-5811665484043123-1.jpg",
      "rating": { "value": 4.4, "count": 159 },
      "ad": true,
      "title": "New Balance",
      "description": "Men Solid 327 Sneakers",
      "price": { "current": 5999, "original": 9999, "discount": "44% OFF" },
      "wishlist": true,
      "color":"Grey"
    },
      {
      "image": "https://assets.myntassets.com/f_webp,dpr_1.5,q_30,w_400,c_limit,fl_progressive/assets/images/23059422/2023/5/8/40991a26-191a-40dc-bf08-a296b5bf857d1683526194177ConverseUnisexBlackPrintedSneakers1.jpg",
      "rating": { "value": 4.7, "count": "1.5K" },
      "ad": false,
      "title": "Converse",
      "description": "Unisex Chuck Taylor All Star",
      "price": { "current": 4799, "original":"null", "discount": "null" },
      "wishlist": true,
      "color":"black"
    },
    {
      "image":"https://assets.myntassets.com/f_webp,dpr_1.5,q_30,w_400,c_limit,fl_progressive/assets/images/27306858/2024/2/1/8ea11708-f2ee-4c8e-bbc8-8ea023a874781706776953640NikeCourtVisionLowMensShoes1.jpg",
      "rating": { "value": 4.6, "count": "557" },
      "ad": false,
      "title": "Nike",
      "description": "Men Court Vision Low Sneakers",
      "price": { "current": 5695, "original":"null", "discount": "null" },
      "wishlist": true,
      "color":"Grey"
    },
    {
      "image":"https://assets.myntassets.com/f_webp,dpr_1.5,q_30,w_400,c_limit,fl_progressive/assets/images/35760917/2025/7/31/5dd18386-8560-40a7-8b52-32ceef6d81c91753959338888-UNDER-ARMOUR-Men-Sports-Shoes-4381753959338652-1.jpg",
      "rating": { "value": "null", "count": "null" },
      "ad": true,
      "title": "UNDER ARMOUR",
      "description": "Men Official Everyday Sneaker",
      "price": { "current":1000, "original":6999, "discount": "44% OFF" },
      "wishlist": true,
      "color":"Grey"

    },
      {
      "image":"https://assets.myntassets.com/f_webp,dpr_1.5,q_30,w_400,c_limit,fl_progressive/assets/images/32201454/2025/5/15/067059c4-8f43-4094-93ee-7a63630cfacc1747299140621-ADIDAS-Originals-Men-Casual-Shoes-6611747299140256-1.jpg",
      "rating": { "value": 4.4, "count": "81" },
      "ad": false,
      "title": "ADIDAS Originals",
      "description": "Men Mundial FC Sneakers",
      "price": { "current": 6359, "original":11999, "discount": "47% OFF" },
      "wishlist": true,
      "color":"White"
    },
      {
      "image":"https://assets.myntassets.com/f_webp,dpr_1.5,q_30,w_400,c_limit,fl_progressive/assets/images/2025/AUGUST/23/FAjUm0RA_6b534ac659dd43d98aa01f3df42787d0.jpg",
      "rating": { "value": "3.5", "count": "27" },
      "ad": true,
      "title": "Red Tape",
      "description": "Men Textured Sneakers",
      "price": { "current": 1189, "original":6999, "discount": "83% OFF" },
      "wishlist": true,
       "color":"White"
    } ,{
      "image": "https://assets.myntassets.com/f_webp,dpr_1.5,q_30,w_400,c_limit,fl_progressive/assets/images/35760916/2025/7/24/7c68d974-d102-42c0-b28c-ac92eaa628821753359470009-UNDER-ARMOUR-Men-Sports-Shoes-7681753359469734-1.jpg",
      "rating": { "value": 4.2, "count": 5 },
      "ad": true,
      "title": "UNDER ARMOUR",
      "description": "Men Essential Runner Shoes",
      "price": { "current": 4059, "original": 6999, "discount": "42% OFF" },
      "wishlist": true,
      "color":"black"
    },
    {
      "image": "https://assets.myntassets.com/f_webp,dpr_1.5,q_30,w_400,c_limit,fl_progressive/assets/images/35760916/2025/7/24/7c68d974-d102-42c0-b28c-ac92eaa628821753359470009-UNDER-ARMOUR-Men-Sports-Shoes-7681753359469734-1.jpg",
      "rating": { "value": 1.2, "count": 5 },
      "ad": true,
      "title": "UNDER ARMOUR",
      "description": "Men Essential Runner Shoes",
      "price": { "current": 4059, "original": 6999, "discount": "90% OFF" },
      "wishlist": true,
      "color":"black"
    },
     {
      "image": "https://assets.myntassets.com/f_webp,dpr_1.5,q_30,w_400,c_limit,fl_progressive/assets/images/2024/AUGUST/17/LGymWtjw_97cbc56851f44eb98bbc613a7aaeaa30.jpg",
      "rating": { "value": 3.2, "count": 5 },
      "ad": false,
      "title": "Nike",
      "description": "Air Jordan  5 Retro Sneakers",
      "price": { "current": 17000, "original":"null", "discount": "null" },
      "wishlist": true,
      "color":"White"
    },
      {
      "image": "https://assets.myntassets.com/f_webp,dpr_1.5,q_30,w_400,c_limit,fl_progressive/assets/images/2024/AUGUST/17/LGymWtjw_97cbc56851f44eb98bbc613a7aaeaa30.jpg",
      "rating": { "value": 5, "count": 5 },
      "ad": false,
      "title": "Nike",
      "description": "Air Jordan  5 Retro Sneakers",
      "price": { "current": 17000, "original":"null", "discount": "null" },
      "wishlist": true,
      "color":"White"

      
    },
      {
      "image": "https://assets.myntassets.com/f_webp,dpr_1.5,q_30,w_400,c_limit,fl_progressive/assets/images/2024/AUGUST/17/LGymWtjw_97cbc56851f44eb98bbc613a7aaeaa30.jpg",
      "rating": { "value": 4.2, "count": 5 },
      "ad": false,
      "title": "Nike",
      "description": "Air Jordan  5 Retro Sneakers",
      "price": { "current": 17000, "original":"null", "discount": "null" },
      "wishlist": true,
       "color":"White"
    },
      {
      "image": "https://assets.myntassets.com/f_webp,dpr_1.5,q_30,w_400,c_limit,fl_progressive/assets/images/2025/JULY/28/MVl9MQ16_0a55ddfc07af4f0b9813ed0820827b48.jpg",
      "rating": { "value": 4.2, "count": 5 },
      "ad": false,
      "title": "Puma",
      "description": "Air Jordan  5 Retro Sneakers",
      "price": { "current": 19295, "original":"null", "discount": "null" },
      "wishlist": true,
       "color":"Beige"
    },
    {
      "image": "https://assets.myntassets.com/f_webp,dpr_1.5,q_30,w_400,c_limit,fl_progressive/assets/images/19463716/2022/10/11/473c4d97-3240-456d-8966-84bc85aec86c1665484043404-New-Balance-Men-Casual-Shoes-5811665484043123-1.jpg",
      "rating": { "value": 4.4, "count": 159 },
      "ad": true,
      "title": "New Balance",
      "description": "Men Solid 327 Sneakers",
      "price": { "current": 5999, "original": 9999, "discount": "44% OFF" },
      "wishlist": true,
      "color":"Beige"
    },
      {
      "image": "https://assets.myntassets.com/f_webp,dpr_1.5,q_30,w_400,c_limit,fl_progressive/assets/images/23059422/2023/5/8/40991a26-191a-40dc-bf08-a296b5bf857d1683526194177ConverseUnisexBlackPrintedSneakers1.jpg",
      "rating": { "value": 4.7, "count": "1.5K" },
      "ad": false,
      "title": "Converse",
      "description": "Unisex Chuck Taylor All Star",
      "price": { "current": 4799, "original":"null", "discount": "null" },
      "wishlist": true,
      "color":"black"
    },
    {
      "image":"https://assets.myntassets.com/f_webp,dpr_1.5,q_30,w_400,c_limit,fl_progressive/assets/images/27306858/2024/2/1/8ea11708-f2ee-4c8e-bbc8-8ea023a874781706776953640NikeCourtVisionLowMensShoes1.jpg",
      "rating": { "value": 4.6, "count": "557" },
      "ad": false,
      "title": "Nike",
      "description": "Men Court Vision Low Sneakers",
      "price": { "current": 5695, "original":"null", "discount": "null" },
      "wishlist": true,
       "color":"White"
    },
    {
      "image":"https://assets.myntassets.com/f_webp,dpr_1.5,q_30,w_400,c_limit,fl_progressive/assets/images/35760917/2025/7/31/5dd18386-8560-40a7-8b52-32ceef6d81c91753959338888-UNDER-ARMOUR-Men-Sports-Shoes-4381753959338652-1.jpg",
      "rating": { "value": "null", "count": "null" },
      "ad": true,
      "title": "UNDER ARMOUR",
      "description": "Men Official Everyday Sneaker",
      "price": { "current": 3912, "original":6999, "discount": "44% OFF" },
      "wishlist": true,
       "color":"White"
    },
      {
      "image":"https://assets.myntassets.com/f_webp,dpr_1.5,q_30,w_400,c_limit,fl_progressive/assets/images/32201454/2025/5/15/067059c4-8f43-4094-93ee-7a63630cfacc1747299140621-ADIDAS-Originals-Men-Casual-Shoes-6611747299140256-1.jpg",
      "rating": { "value": 4.4, "count": "81" },
      "ad": false,
      "title": "ADIDAS Originals",
      "description": "Men Mundial FC Sneakers",
      "price": { "current": 6359, "original":11999, "discount": "47% OFF" },
      "wishlist": true,
       "color":"White"
    },
      {
      "image":"https://assets.myntassets.com/f_webp,dpr_1.5,q_30,w_400,c_limit,fl_progressive/assets/images/2025/AUGUST/23/FAjUm0RA_6b534ac659dd43d98aa01f3df42787d0.jpg",
      "rating": { "value": "4.5", "count": "27" },
      "ad": true,
      "title": "Red Tape",
      "description": "Men Textured Sneakers",
      "price": { "current": 1189, "original":6999, "discount": "83% OFF" },
      "wishlist": true,
       "color":"White"
    },
     {
      "image": "https://assets.myntassets.com/f_webp,dpr_1.5,q_30,w_400,c_limit,fl_progressive/assets/images/35760916/2025/7/24/7c68d974-d102-42c0-b28c-ac92eaa628821753359470009-UNDER-ARMOUR-Men-Sports-Shoes-7681753359469734-1.jpg",
      "rating": { "value": 4.2, "count": 5 },
      "ad": true,
      "title": "UNDER ARMOUR",
      "description": "Men Essential Runner Shoes",
      "price": { "current": 4059, "original": 6999, "discount": "42% OFF" },
      "wishlist": true,
      "color":"black"
    },
    {
      "image": "https://assets.myntassets.com/f_webp,dpr_1.5,q_30,w_400,c_limit,fl_progressive/assets/images/19463716/2022/10/11/473c4d97-3240-456d-8966-84bc85aec86c1665484043404-New-Balance-Men-Casual-Shoes-5811665484043123-1.jpg",
      "rating": { "value": 4.4, "count": 159 },
      "ad": true,
      "title": "New Balance",
      "description": "Men Solid 327 Sneakers",
      "price": { "current": 5999, "original": 9999, "discount": "44% OFF" },
      "wishlist": true,
      "color":"Grey"
    },
      {
      "image": "https://assets.myntassets.com/f_webp,dpr_1.5,q_30,w_400,c_limit,fl_progressive/assets/images/23059422/2023/5/8/40991a26-191a-40dc-bf08-a296b5bf857d1683526194177ConverseUnisexBlackPrintedSneakers1.jpg",
      "rating": { "value": 4.7, "count": "1.5K" },
      "ad": false,
      "title": "Converse",
      "description": "Unisex Chuck Taylor All Star",
      "price": { "current": 4799, "original":"null", "discount": "null" },
      "wishlist": true,
      "color":"black"
    },
    {
      "image":"https://assets.myntassets.com/f_webp,dpr_1.5,q_30,w_400,c_limit,fl_progressive/assets/images/27306858/2024/2/1/8ea11708-f2ee-4c8e-bbc8-8ea023a874781706776953640NikeCourtVisionLowMensShoes1.jpg",
      "rating": { "value": 4.6, "count": "557" },
      "ad": false,
      "title": "Nike",
      "description": "Men Court Vision Low Sneakers",
      "price": { "current": 5695, "original":"null", "discount": "null" },
      "wishlist": true,
      "color":"Grey"
    },
    {
      "image":"https://assets.myntassets.com/f_webp,dpr_1.5,q_30,w_400,c_limit,fl_progressive/assets/images/35760917/2025/7/31/5dd18386-8560-40a7-8b52-32ceef6d81c91753959338888-UNDER-ARMOUR-Men-Sports-Shoes-4381753959338652-1.jpg",
      "rating": { "value": "null", "count": "null" },
      "ad": true,
      "title": "UNDER ARMOUR",
      "description": "Men Official Everyday Sneaker",
      "price": { "current":1000, "original":6999, "discount": "44% OFF" },
      "wishlist": true,
      "color":"Grey"

    },
      {
      "image":"https://assets.myntassets.com/f_webp,dpr_1.5,q_30,w_400,c_limit,fl_progressive/assets/images/32201454/2025/5/15/067059c4-8f43-4094-93ee-7a63630cfacc1747299140621-ADIDAS-Originals-Men-Casual-Shoes-6611747299140256-1.jpg",
      "rating": { "value": 4.4, "count": "81" },
      "ad": false,
      "title": "ADIDAS Originals",
      "description": "Men Mundial FC Sneakers",
      "price": { "current": 6359, "original":11999, "discount": "47% OFF" },
      "wishlist": true,
      "color":"White"
    },
      {
      "image":"https://assets.myntassets.com/f_webp,dpr_1.5,q_30,w_400,c_limit,fl_progressive/assets/images/2025/AUGUST/23/FAjUm0RA_6b534ac659dd43d98aa01f3df42787d0.jpg",
      "rating": { "value": "3.5", "count": "27" },
      "ad": true,
      "title": "Red Tape",
      "description": "Men Textured Sneakers",
      "price": { "current": 1189, "original":6999, "discount": "83% OFF" },
      "wishlist": true,
       "color":"White"
    } ,{
      "image": "https://assets.myntassets.com/f_webp,dpr_1.5,q_30,w_400,c_limit,fl_progressive/assets/images/35760916/2025/7/24/7c68d974-d102-42c0-b28c-ac92eaa628821753359470009-UNDER-ARMOUR-Men-Sports-Shoes-7681753359469734-1.jpg",
      "rating": { "value": 4.2, "count": 5 },
      "ad": true,
      "title": "UNDER ARMOUR",
      "description": "Men Essential Runner Shoes",
      "price": { "current": 4059, "original": 6999, "discount": "42% OFF" },
      "wishlist": true,
      "color":"black"
    },
    {
      "image": "https://assets.myntassets.com/f_webp,dpr_1.5,q_30,w_400,c_limit,fl_progressive/assets/images/35760916/2025/7/24/7c68d974-d102-42c0-b28c-ac92eaa628821753359470009-UNDER-ARMOUR-Men-Sports-Shoes-7681753359469734-1.jpg",
      "rating": { "value": 1.2, "count": 5 },
      "ad": true,
      "title": "UNDER ARMOUR",
      "description": "Men Essential Runner Shoes",
      "price": { "current": 4059, "original": 6999, "discount": "90% OFF" },
      "wishlist": true,
      "color":"black"
    },
     {
      "image": "https://assets.myntassets.com/f_webp,dpr_1.5,q_30,w_400,c_limit,fl_progressive/assets/images/2024/AUGUST/17/LGymWtjw_97cbc56851f44eb98bbc613a7aaeaa30.jpg",
      "rating": { "value": 3.2, "count": 5 },
      "ad": false,
      "title": "Nike",
      "description": "Air Jordan  5 Retro Sneakers",
      "price": { "current": 17000, "original":"null", "discount": "null" },
      "wishlist": true,
      "color":"White"
    },
      {
      "image": "https://assets.myntassets.com/f_webp,dpr_1.5,q_30,w_400,c_limit,fl_progressive/assets/images/2024/AUGUST/17/LGymWtjw_97cbc56851f44eb98bbc613a7aaeaa30.jpg",
      "rating": { "value": 5, "count": 5 },
      "ad": false,
      "title": "Nike",
      "description": "Air Jordan  5 Retro Sneakers",
      "price": { "current": 17000, "original":"null", "discount": "null" },
      "wishlist": true,
      "color":"White"

      
    },
      {
      "image": "https://assets.myntassets.com/f_webp,dpr_1.5,q_30,w_400,c_limit,fl_progressive/assets/images/2024/AUGUST/17/LGymWtjw_97cbc56851f44eb98bbc613a7aaeaa30.jpg",
      "rating": { "value": 4.2, "count": 5 },
      "ad": false,
      "title": "Nike",
      "description": "Air Jordan  5 Retro Sneakers",
      "price": { "current": 17000, "original":"null", "discount": "null" },
      "wishlist": true,
       "color":"White"
    },
      {
      "image": "https://assets.myntassets.com/f_webp,dpr_1.5,q_30,w_400,c_limit,fl_progressive/assets/images/2025/JULY/28/MVl9MQ16_0a55ddfc07af4f0b9813ed0820827b48.jpg",
      "rating": { "value": 4.2, "count": 5 },
      "ad": false,
      "title": "Puma",
      "description": "Air Jordan  5 Retro Sneakers",
      "price": { "current": 19295, "original":"null", "discount": "null" },
      "wishlist": true,
       "color":"Beige"
    },
    {
      "image": "https://assets.myntassets.com/f_webp,dpr_1.5,q_30,w_400,c_limit,fl_progressive/assets/images/19463716/2022/10/11/473c4d97-3240-456d-8966-84bc85aec86c1665484043404-New-Balance-Men-Casual-Shoes-5811665484043123-1.jpg",
      "rating": { "value": 4.4, "count": 159 },
      "ad": true,
      "title": "New Balance",
      "description": "Men Solid 327 Sneakers",
      "price": { "current": 5999, "original": 9999, "discount": "44% OFF" },
      "wishlist": true,
      "color":"Beige"
    },
      {
      "image": "https://assets.myntassets.com/f_webp,dpr_1.5,q_30,w_400,c_limit,fl_progressive/assets/images/23059422/2023/5/8/40991a26-191a-40dc-bf08-a296b5bf857d1683526194177ConverseUnisexBlackPrintedSneakers1.jpg",
      "rating": { "value": 4.7, "count": "1.5K" },
      "ad": false,
      "title": "Converse",
      "description": "Unisex Chuck Taylor All Star",
      "price": { "current": 4799, "original":"null", "discount": "null" },
      "wishlist": true,
      "color":"black"
    },
    {
      "image":"https://assets.myntassets.com/f_webp,dpr_1.5,q_30,w_400,c_limit,fl_progressive/assets/images/27306858/2024/2/1/8ea11708-f2ee-4c8e-bbc8-8ea023a874781706776953640NikeCourtVisionLowMensShoes1.jpg",
      "rating": { "value": 4.6, "count": "557" },
      "ad": false,
      "title": "Nike",
      "description": "Men Court Vision Low Sneakers",
      "price": { "current": 5695, "original":"null", "discount": "null" },
      "wishlist": true,
       "color":"White"
    },
    {
      "image":"https://assets.myntassets.com/f_webp,dpr_1.5,q_30,w_400,c_limit,fl_progressive/assets/images/35760917/2025/7/31/5dd18386-8560-40a7-8b52-32ceef6d81c91753959338888-UNDER-ARMOUR-Men-Sports-Shoes-4381753959338652-1.jpg",
      "rating": { "value": "null", "count": "null" },
      "ad": true,
      "title": "UNDER ARMOUR",
      "description": "Men Official Everyday Sneaker",
      "price": { "current": 3912, "original":6999, "discount": "44% OFF" },
      "wishlist": true,
       "color":"White"
    },
      {
      "image":"https://assets.myntassets.com/f_webp,dpr_1.5,q_30,w_400,c_limit,fl_progressive/assets/images/32201454/2025/5/15/067059c4-8f43-4094-93ee-7a63630cfacc1747299140621-ADIDAS-Originals-Men-Casual-Shoes-6611747299140256-1.jpg",
      "rating": { "value": 4.4, "count": "81" },
      "ad": false,
      "title": "ADIDAS Originals",
      "description": "Men Mundial FC Sneakers",
      "price": { "current": 6359, "original":11999, "discount": "47% OFF" },
      "wishlist": true,
       "color":"White"
    },
      {
      "image":"https://assets.myntassets.com/f_webp,dpr_1.5,q_30,w_400,c_limit,fl_progressive/assets/images/2025/AUGUST/23/FAjUm0RA_6b534ac659dd43d98aa01f3df42787d0.jpg",
      "rating": { "value": "4.5", "count": "27" },
      "ad": true,
      "title": "Red Tape",
      "description": "Men Textured Sneakers",
      "price": { "current": 1189, "original":6999, "discount": "83% OFF" },
      "wishlist": true,
       "color":"White"
    },
     {
      "image": "https://assets.myntassets.com/f_webp,dpr_1.5,q_30,w_400,c_limit,fl_progressive/assets/images/35760916/2025/7/24/7c68d974-d102-42c0-b28c-ac92eaa628821753359470009-UNDER-ARMOUR-Men-Sports-Shoes-7681753359469734-1.jpg",
      "rating": { "value": 4.2, "count": 5 },
      "ad": true,
      "title": "UNDER ARMOUR",
      "description": "Men Essential Runner Shoes",
      "price": { "current": 4059, "original": 6999, "discount": "42% OFF" },
      "wishlist": true,
      "color":"black"
    },
    {
      "image": "https://assets.myntassets.com/f_webp,dpr_1.5,q_30,w_400,c_limit,fl_progressive/assets/images/19463716/2022/10/11/473c4d97-3240-456d-8966-84bc85aec86c1665484043404-New-Balance-Men-Casual-Shoes-5811665484043123-1.jpg",
      "rating": { "value": 4.4, "count": 159 },
      "ad": true,
      "title": "New Balance",
      "description": "Men Solid 327 Sneakers",
      "price": { "current": 5999, "original": 9999, "discount": "44% OFF" },
      "wishlist": true,
      "color":"Grey"
    },
      {
      "image": "https://assets.myntassets.com/f_webp,dpr_1.5,q_30,w_400,c_limit,fl_progressive/assets/images/23059422/2023/5/8/40991a26-191a-40dc-bf08-a296b5bf857d1683526194177ConverseUnisexBlackPrintedSneakers1.jpg",
      "rating": { "value": 4.7, "count": "1.5K" },
      "ad": false,
      "title": "Converse",
      "description": "Unisex Chuck Taylor All Star",
      "price": { "current": 4799, "original":"null", "discount": "null" },
      "wishlist": true,
      "color":"black"
    },
    {
      "image":"https://assets.myntassets.com/f_webp,dpr_1.5,q_30,w_400,c_limit,fl_progressive/assets/images/27306858/2024/2/1/8ea11708-f2ee-4c8e-bbc8-8ea023a874781706776953640NikeCourtVisionLowMensShoes1.jpg",
      "rating": { "value": 4.6, "count": "557" },
      "ad": false,
      "title": "Nike",
      "description": "Men Court Vision Low Sneakers",
      "price": { "current": 5695, "original":"null", "discount": "null" },
      "wishlist": true,
      "color":"Grey"
    },
    {
      "image":"https://assets.myntassets.com/f_webp,dpr_1.5,q_30,w_400,c_limit,fl_progressive/assets/images/35760917/2025/7/31/5dd18386-8560-40a7-8b52-32ceef6d81c91753959338888-UNDER-ARMOUR-Men-Sports-Shoes-4381753959338652-1.jpg",
      "rating": { "value": "null", "count": "null" },
      "ad": true,
      "title": "UNDER ARMOUR",
      "description": "Men Official Everyday Sneaker",
      "price": { "current":1000, "original":6999, "discount": "44% OFF" },
      "wishlist": true,
      "color":"Grey"

    },
      {
      "image":"https://assets.myntassets.com/f_webp,dpr_1.5,q_30,w_400,c_limit,fl_progressive/assets/images/32201454/2025/5/15/067059c4-8f43-4094-93ee-7a63630cfacc1747299140621-ADIDAS-Originals-Men-Casual-Shoes-6611747299140256-1.jpg",
      "rating": { "value": 4.4, "count": "81" },
      "ad": false,
      "title": "ADIDAS Originals",
      "description": "Men Mundial FC Sneakers",
      "price": { "current": 6359, "original":11999, "discount": "47% OFF" },
      "wishlist": true,
      "color":"White"
    },
      {
      "image":"https://assets.myntassets.com/f_webp,dpr_1.5,q_30,w_400,c_limit,fl_progressive/assets/images/2025/AUGUST/23/FAjUm0RA_6b534ac659dd43d98aa01f3df42787d0.jpg",
      "rating": { "value": "3.5", "count": "27" },
      "ad": true,
      "title": "Red Tape",
      "description": "Men Textured Sneakers",
      "price": { "current": 1189, "original":6999, "discount": "83% OFF" },
      "wishlist": true,
       "color":"White"
    } ,{
      "image": "https://assets.myntassets.com/f_webp,dpr_1.5,q_30,w_400,c_limit,fl_progressive/assets/images/35760916/2025/7/24/7c68d974-d102-42c0-b28c-ac92eaa628821753359470009-UNDER-ARMOUR-Men-Sports-Shoes-7681753359469734-1.jpg",
      "rating": { "value": 4.2, "count": 5 },
      "ad": true,
      "title": "UNDER ARMOUR",
      "description": "Men Essential Runner Shoes",
      "price": { "current": 4059, "original": 6999, "discount": "42% OFF" },
      "wishlist": true,
      "color":"black"
    }
  ]
}